{
  "scale": 0.005308657418936491,
  "min": -0.1729438751935959,
  "feature_range": [
    0.0,
    1.0
  ],
  "window": 60,
  "horizon": 5,
  "ticker": "QCOM"
}