{
  "scale": 0.005308656953275204,
  "min": -0.1729438155889511,
  "feature_range": [
    0.0,
    1.0
  ],
  "window": 60,
  "horizon": 5,
  "ticker": "QCOM"
}