{
  "scale": 0.005308656487613916,
  "min": -0.17294380068778992,
  "feature_range": [
    0.0,
    1.0
  ],
  "window": 60,
  "horizon": 5,
  "ticker": "QCOM"
}