{
  "scale": 0.004210886545479298,
  "min": -0.0868455320596695,
  "feature_range": [
    0.0,
    1.0
  ],
  "window": 60,
  "horizon": 5,
  "ticker": "AAPL"
}