{
  "scale": 0.004767352715134621,
  "min": -0.007723111193627119,
  "feature_range": [
    0.0,
    1.0
  ],
  "window": 60,
  "horizon": 5,
  "ticker": "AMD"
}