{
  "scale": 0.0038064788095653057,
  "min": -0.006166495848447084,
  "feature_range": [
    0.0,
    1.0
  ],
  "window": 60,
  "horizon": 5,
  "ticker": "AMD"
}