{
  "scale": 0.004219765309244394,
  "min": -0.0068360199220478535,
  "feature_range": [
    0.0,
    1.0
  ],
  "window": 60,
  "horizon": 5,
  "ticker": "AMD"
}