{
  "scale": 0.011895564384758472,
  "min": -0.149908646941185,
  "feature_range": [
    0.0,
    1.0
  ],
  "window": 60,
  "horizon": 5,
  "ticker": "NDAQ"
}