{
  "scale": 0.011895563453435898,
  "min": -0.1499086171388626,
  "feature_range": [
    0.0,
    1.0
  ],
  "window": 60,
  "horizon": 5,
  "ticker": "NDAQ"
}