{
  "scale": 0.004014839418232441,
  "min": -0.08280225098133087,
  "feature_range": [
    0.0,
    1.0
  ],
  "window": 60,
  "horizon": 5,
  "ticker": "AAPL"
}