{
  "scale": 0.003927021287381649,
  "min": -0.08091264218091965,
  "feature_range": [
    0.0,
    1.0
  ],
  "window": 60,
  "horizon": 5,
  "ticker": "AAPL"
}