{
  "scale": 0.004840723238885403,
  "min": -0.0022232590708881617,
  "feature_range": [
    0.0,
    1.0
  ],
  "window": 60,
  "horizon": 5,
  "ticker": "NVDA"
}