{
  "scale": 0.005459984298795462,
  "min": -0.0025076742749661207,
  "feature_range": [
    0.0,
    1.0
  ],
  "window": 60,
  "horizon": 5,
  "ticker": "NVDA"
}