{
  "scale": 0.005205331835895777,
  "min": -0.0023907169234007597,
  "feature_range": [
    0.0,
    1.0
  ],
  "window": 60,
  "horizon": 5,
  "ticker": "NVDA"
}