{
  "scale": 0.005372857209295034,
  "min": -0.002467658370733261,
  "feature_range": [
    0.0,
    1.0
  ],
  "window": 60,
  "horizon": 5,
  "ticker": "NVDA"
}