{
  "scale": 0.022751403972506523,
  "min": -0.41248294711112976,
  "feature_range": [
    0.0,
    1.0
  ],
  "window": 60,
  "horizon": 5,
  "ticker": "INTC"
}