{
  "scale": 0.022751400247216225,
  "min": -0.4124828577041626,
  "feature_range": [
    0.0,
    1.0
  ],
  "window": 60,
  "horizon": 5,
  "ticker": "INTC"
}