{
  "scale": 0.001998963300138712,
  "min": -0.06896745413541794,
  "feature_range": [
    0.0,
    1.0
  ],
  "window": 60,
  "horizon": 5,
  "ticker": "MSFT"
}