{
  "scale": 0.0019738650880753994,
  "min": -0.06797432899475098,
  "feature_range": [
    0.0,
    1.0
  ],
  "window": 60,
  "horizon": 5,
  "ticker": "MSFT"
}