{
  "scale": 0.001970177749171853,
  "min": -0.06797431409358978,
  "feature_range": [
    0.0,
    1.0
  ],
  "window": 60,
  "horizon": 5,
  "ticker": "MSFT"
}